zip3,zip3.city.usps,zip3.state.usps,zip3.city.wiki,zip3.state.wiki
001,,,,
002,,,,
003,,,,
004,,,,
005,Mid-Island,NY,Holtsville,NY
006,San Juan,PR,San Juan,PR
007,San Juan,PR,San Juan,PR
008,San Juan,PR,Virgin Islands,VI
009,San Juan,PR,San Juan,PR
010,Springfield,MA,Springfield,MA
011,Springfield,MA,Springfield,MA
012,Pittsfield,MA,Pittsfield,MA
013,Springfield,MA,Greenfield,MA
014,Central,MA,Fitchburg,MA
015,Central,MA,Worcester,MA
016,Worcester,MA,Worcester,MA
017,Central,MA,Framingham,MA
018,Middlesex-Esx,MA,Woburn,MA
019,Middlesex-Esx,MA,Lynn,MA
020,Brockton,MA,Brockton,MA
021,Boston,MA,Boston,MA
022,Boston,MA,Boston,MA
023,Brockton,MA,Brockton,MA
024,Northwest Bos,MA,Lexington,MA
025,Cape Cod,MA,Cape Cod,MA
026,Cape Cod,MA,Cape Cod,MA
027,Providence,RI,Providence (RI),MA
028,Providence,RI,Providence,RI
029,Providence,RI,Providence,RI
030,Manchester,NH,Manchester,NH
031,Manchester,NH,Manchester,NH
032,Manchester,NH,Waterville Valley,NH
033,Concord,NH,Concord,NH
034,Manchester,NH,Keene,NH
035,White Riv Jct,VT,Littleton,NH
036,White Riv Jct,VT,Bellows Falls (VT),NH
037,White Riv Jct,VT,White River Junction (VT),NH
038,Portsmouth,NH,Portsmouth,NH
039,Portsmouth,NH,Portsmouth (NH),ME
040,Portland,ME,Portland,ME
041,Portland,ME,Portland,ME
042,Portland,ME,Auburn,ME
043,Portland,ME,Augusta,ME
044,Bangor,ME,Bangor,ME
045,Portland,ME,Bath,ME
046,Bangor,ME,Ellsworth,ME
047,Bangor,ME,Houlton,ME
048,Portland,ME,Rockland,ME
049,Bangor,ME,Waterville,ME
050,White Riv Jct,VT,White River Junction,VT
051,White Riv Jct,VT,Bellows Falls,VT
052,White Riv Jct,VT,Bennington,VT
053,White Riv Jct,VT,Brattleboro,VT
054,Burlington,VT,Burlington,VT
055,Middlesex-Esx,MA,Andover,MA
056,Burlington,VT,Montpelier,VT
057,White Riv Jct,VT,Rutland,VT
058,White Riv Jct,VT,St. Johnsbury,VT
059,White Riv Jct,VT,St. Johnsbury,VT
060,Hartford,CT,Hartford,CT
061,Hartford,CT,Hartford,CT
062,Hartford,CT,Willimantic,CT
063,Southern,CT,New London,CT
064,Southern,CT,New Haven,CT
065,New Haven,CT,New Haven,CT
066,Bridgeport,CT,Bridgeport,CT
067,Waterbury,CT,Waterbury,CT
068,Stamford,CT,Stamford,CT
069,Stamford,CT,Stamford,CT
070,Newark,NJ,Newark,NJ
071,Newark,NJ,Newark,NJ
072,Elizabeth,NJ,Elizabeth,NJ
073,Jersey City,NJ,Jersey City,NJ
074,Paterson,NJ,Paterson,NJ
075,Paterson,NJ,Paterson,NJ
076,Hackensack,NJ,Hackensack,NJ
077,Monmouth,NJ,Red Bank,NJ
078,West Jersey,NJ,Dover,NJ
079,West Jersey,NJ,Summit,NJ
080,South Jersey,NJ,Cherry Hill,NJ
081,Camden,NJ,Camden,NJ
082,South Jersey,NJ,Atlantic City,NJ
083,South Jersey,NJ,Bridgeton,NJ
084,Atlantic City,NJ,Atlantic City,NJ
085,Trenton,NJ,Trenton,NJ
086,Trenton,NJ,Trenton,NJ
087,Monmouth,NJ,Lakewood,NJ
088,Kilmer,NJ,New Brunswick,NJ
089,New Brunswick,NJ,New Brunswick,NJ
090,Apo,AE,Military,AE
091,Apo,AE,Military,AE
092,Apo,AE,Military,AE
093,Apo,AE,Military,AE
094,Apo/Fpo,AE,Military,AE
095,Fpo,AE,Military,AE
096,Apo/Fpo,AE,Military,AE
097,Apo/Fpo,AE,Military,AE
098,Apo/Fpo,AE,Military,AE
099,Apo/Fpo,AE,Not in use,""
100,New York,NY,New York,NY
101,New York,NY,New York,NY
102,New York,NY,New York,NY
103,Staten Island,NY,Staten Island,NY
104,Bronx,NY,The Bronx,NY
105,Westchester,NY,White Plains,NY
106,White Plains,NY,White Plains,NY
107,Yonkers,NY,Yonkers,NY
108,New Rochelle,NY,New Rochelle,NY
109,Westchester,NY,Suffern,NY
110,Queens,NY,Floral Park,NY
111,Long Island City,NY,Long Island City,NY
112,Brooklyn,NY,Brooklyn,NY
113,Flushing,NY,Flushing,NY
114,Jamaica,NY,Jamaica,NY
115,Western Nassau,NY,Mineola,NY
116,Far Rockaway,NY,Far Rockaway,NY
117,Mid-Island,NY,Amityville,NY
118,Hicksville,NY,Hicksville,NY
119,Mid-Island,NY,Riverhead,NY
120,Albany,NY,Albany,NY
121,Albany,NY,Albany,NY
122,Albany,NY,Albany,NY
123,Schenectady,NY,Schenectady,NY
124,Mid-Hudson,NY,Kingston,NY
125,Mid-Hudson,NY,Poughkeepsie,NY
126,Poughkeepsie,NY,Poughkeepsie,NY
127,Mid-Hudson,NY,Monticello,NY
128,Glens Falls,NY,Glens Falls,NY
129,Plattsburgh,NY,Plattsburgh,NY
130,Syracuse,NY,Syracuse,NY
131,Syracuse,NY,Syracuse,NY
132,Syracuse,NY,Syracuse,NY
133,Utica,NY,Utica,NY
134,Utica,NY,Utica,NY
135,Utica,NY,Utica,NY
136,Watertown,NY,Watertown,NY
137,Binghamton,NY,Binghamton,NY
138,Binghamton,NY,Binghamton,NY
139,Binghamton,NY,Binghamton,NY
140,Buffalo,NY,Buffalo,NY
141,Buffalo,NY,Buffalo,NY
142,Buffalo,NY,Buffalo,NY
143,Niagara Falls,NY,Niagara Falls,NY
144,Rochester,NY,Rochester,NY
145,Rochester,NY,Rochester,NY
146,Rochester,NY,Rochester,NY
147,Jamestown,NY,Jamestown,NY
148,Elmira,NY,Elmira,NY
149,Elmira,NY,Elmira,NY
150,Pittsburgh,PA,Pittsburgh,PA
151,Pittsburgh,PA,Pittsburgh,PA
152,Pittsburgh,PA,Pittsburgh,PA
153,Pittsburgh,PA,Washington,PA
154,Pittsburgh,PA,Uniontown,PA
155,Johnstown,PA,Somerset,PA
156,Greensburg,PA,Greensburg,PA
157,Johnstown,PA,Indiana,PA
158,Du Bois,PA,DuBois,PA
159,Johnstown,PA,Johnstown,PA
160,New Castle,PA,Butler,PA
161,New Castle,PA,New Castle,PA
162,New Castle,PA,Kittanning,PA
163,Oil City,PA,Oil City,PA
164,Erie,PA,Erie,PA
165,Erie,PA,Erie,PA
166,Altoona,PA,Altoona,PA
167,Bradford,PA,Bradford,PA
168,Altoona,PA,State College,PA
169,Williamsport,PA,Wellsboro,PA
170,Harrisburg,PA,Harrisburg,PA
171,Harrisburg,PA,Harrisburg,PA
172,Harrisburg,PA,Chambersburg,PA
173,Lancaster,PA,York,PA
174,York,PA,York,PA
175,Lancaster,PA,Lancaster,PA
176,Lancaster,PA,Lancaster,PA
177,Williamsport,PA,Williamsport,PA
178,Harrisburg,PA,Sunbury,PA
179,Reading,PA,Pottsville,PA
180,Lehigh Valley,PA,Lehigh Valley,PA
181,Allentown,PA,Allentown,PA
182,Wilkes Barre,PA,Hazleton,PA
183,Lehigh Valley,PA,East Stroudsburg,PA
184,Scranton,PA,Scranton,PA
185,Scranton,PA,Scranton,PA
186,Wilkes Barre,PA,Wilkes-Barre,PA
187,Wilkes Barre,PA,Wilkes-Barre,PA
188,Scranton,PA,Montrose,PA
189,Southeastern,PA,Doylestown,PA
190,Philadelphia,PA,Philadelphia,PA
191,Philadelphia,PA,Philadelphia,PA
192,Philadelphia,PA,Philadelphia,PA
193,Southeastern,PA,Paoli,PA
194,Southeastern,PA,Norristown,PA
195,Reading,PA,Reading,PA
196,Reading,PA,Reading,PA
197,Wilmington,DE,Wilmington,DE
198,Wilmington,DE,Wilmington,DE
199,Wilmington,DE,Dover,DE
200,Washington,DC,Washington,DC
201,Dulles,VA,Dulles,VA
202,Washington,DC,Washington,DC
203,Washington,DC,Washington,DC
204,Washington,DC,Washington,DC
205,Washington,DC,Washington,DC
206,Southern Md,MD,Waldorf,MD
207,Southern Md,MD,Annapolis Junction,MD
208,Suburban Md,MD,Bethesda,MD
209,Silver Spring,MD,Silver Spring,MD
210,Linthicum,MD,Baltimore,MD
211,Linthicum,MD,Baltimore,MD
212,Baltimore,MD,Baltimore,MD
213,,,Not in use,""
214,Annapolis,MD,Annapolis,MD
215,Cumberland,MD,Cumberland,MD
216,Eastern Shore,MD,Easton,MD
217,Frederick,MD,Frederick,MD
218,Salisbury,MD,Salisbury,MD
219,Baltimore,MD,Cecil County,MD
220,Northern Va,VA,Washington (DC),VA
221,Northern Va,VA,Washington (DC),VA
222,Arlington,VA,Arlington,VA
223,Alexandria,VA,Alexandria,VA
224,Richmond,VA,Fredericksburg,VA
225,Richmond,VA,Fredericksburg,VA
226,Winchester,VA,Winchester,VA
227,Culpeper,VA,Culpeper,VA
228,Charlottesvle,VA,Harrisonburg,VA
229,Charlottesvle,VA,Charlottesville,VA
230,Richmond,VA,Richmond,VA
231,Richmond,VA,Richmond,VA
232,Richmond,VA,Richmond,VA
233,Norfolk,VA,Norfolk,VA
234,Norfolk,VA,Norfolk,VA
235,Norfolk,VA,Norfolk,VA
236,Norfolk,VA,Newport News,VA
237,Portsmouth,VA,Portsmouth,VA
238,Richmond,VA,Petersburg,VA
239,Farmville,VA,Farmville,VA
240,Roanoke,VA,Roanoke,VA
241,Roanoke,VA,Roanoke,VA
242,Bristol,VA,Bristol,VA
243,Roanoke,VA,Pulaski,VA
244,Charlottesvle,VA,Staunton,VA
245,Lynchburg,VA,Lynchburg,VA
246,Bluefield,WV,Bluefield (WV),VA
247,Bluefield,WV,Bluefield,WV
248,Bluefield,WV,Welch,WV
249,Lewisburg,WV,Lewisburg,WV
250,Charleston,WV,Charleston,WV
251,Charleston,WV,Charleston,WV
252,Charleston,WV,Charleston,WV
253,Charleston,WV,Charleston,WV
254,Martinsburg,WV,Martinsburg,WV
255,Huntington,WV,Huntington,WV
256,Huntington,WV,Logan,WV
257,Huntington,WV,Huntington,WV
258,Beckley,WV,Beckley,WV
259,Beckley,WV,Beckley,WV
260,Wheeling,WV,Wheeling,WV
261,Parkersburg,WV,Parkersburg,WV
262,Clarksburg,WV,Clarksburg,WV
263,Clarksburg,WV,Clarksburg,WV
264,Clarksburg,WV,Clarksburg,WV
265,Clarksburg,WV,Morgantown,WV
266,Gassaway,WV,Sutton,WV
267,Cumberland,MD,Cumberland (MD),WV
268,Petersburg,WV,Petersburg,WV
269,,,Not in use,""
270,Greensboro,NC,Winston-Salem,NC
271,Winston-Salem,NC,Winston-Salem,NC
272,Greensboro,NC,Greensboro,NC
273,Greensboro,NC,Greensboro,NC
274,Greensboro,NC,Greensboro,NC
275,Raleigh,NC,Raleigh,NC
276,Raleigh,NC,Raleigh,NC
277,Durham,NC,Durham,NC
278,Rocky Mount,NC,Rocky Mount,NC
279,Rocky Mount,NC,Elizabeth City,NC
280,Charlotte,NC,Charlotte,NC
281,Charlotte,NC,Charlotte,NC
282,Charlotte,NC,Charlotte,NC
283,Fayetteville,NC,Fayetteville,NC
284,Fayetteville,NC,Wilmington,NC
285,Kinston,NC,Kinston,NC
286,Hickory,NC,Hickory,NC
287,Asheville,NC,Asheville,NC
288,Asheville,NC,Asheville,NC
289,Asheville,NC,Andrews,NC
290,Columbia,SC,Columbia,SC
291,Columbia,SC,Columbia,SC
292,Columbia,SC,Columbia,SC
293,Greenville,SC,Spartanburg,SC
294,Charleston,SC,Charleston,SC
295,Florence,SC,Florence,SC
296,Greenville,SC,Greenville,SC
297,Charlotte,NC,Rock Hill,SC
298,Augusta,GA,Aiken,SC
299,Savannah,GA,Beaufort,SC
300,North Metro,GA,Atlanta,GA
301,North Metro,GA,Atlanta,GA
302,Atlanta,GA,Atlanta,GA
303,Atlanta,GA,Atlanta,GA
304,Swainsboro,GA,Swainsboro,GA
305,Athens,GA,Gainesville,GA
306,Athens,GA,Athens,GA
307,Chattanooga,TN,Chattanooga (TN),GA
308,Augusta,GA,Augusta,GA
309,Augusta,GA,Augusta,GA
310,Macon,GA,Macon,GA
311,Atlanta,GA,Atlanta,GA
312,Macon,GA,Macon,GA
313,Savannah,GA,Savannah,GA
314,Savannah,GA,Savannah,GA
315,Waycross,GA,Waycross,GA
316,Valdosta,GA,Valdosta,GA
317,Albany,GA,Albany,GA
318,Columbus,GA,Columbus,GA
319,Columbus,GA,Columbus,GA
320,Jacksonville,FL,Jacksonville,FL
321,Daytona Beach,FL,Daytona Beach,FL
322,Jacksonville,FL,Jacksonville,FL
323,Tallahassee,FL,Tallahassee,FL
324,Panama City,FL,Panama City,FL
325,Pensacola,FL,Pensacola,FL
326,Gainesville,FL,Gainesville,FL
327,Mid-Florida,FL,Orlando,FL
328,Orlando,FL,Orlando,FL
329,Orlando,FL,Melbourne,FL
330,South Florida,FL,Miami,FL
331,Miami,FL,Miami,FL
332,Miami,FL,Miami,FL
333,Ft Lauderdale,FL,Fort Lauderdale,FL
334,West Palm Bch,FL,West Palm Beach,FL
335,Tampa,FL,Tampa,FL
336,Tampa,FL,Tampa,FL
337,St Petersburg,FL,St. Petersburg,FL
338,Lakeland,FL,Lakeland,FL
339,Ft Myers,FL,Fort Myers,FL
340,Apo/Fpo,AA,Military,AA
341,Ft Myers,FL,Naples,FL
342,Manasota,FL,Bradenton,FL
343,,,Not in use,""
344,Gainesville,FL,Ocala,FL
345,,,Not in use,""
346,Tampa,FL,Brooksville,FL
347,Orlando,FL,Orlando,FL
348,,,Not in use,""
349,West Palm Bch,FL,Fort Pierce,FL
350,Birmingham,AL,Birmingham,AL
351,Birmingham,AL,Birmingham,AL
352,Birmingham,AL,Birmingham,AL
353,,,Not in use,""
354,Tuscaloosa,AL,Tuscaloosa,AL
355,Birmingham,AL,Jasper,AL
356,Huntsville,AL,Decatur,AL
357,Huntsville,AL,Huntsville,AL
358,Huntsville,AL,Huntsville,AL
359,Birmingham,AL,Gadsden,AL
360,Montgomery,AL,Montgomery,AL
361,Montgomery,AL,Montgomery,AL
362,Anniston,AL,Anniston,AL
363,Dothan,AL,Dothan,AL
364,Evergreen,AL,Evergreen,AL
365,Mobile,AL,Mobile,AL
366,Mobile,AL,Mobile,AL
367,Montgomery,AL,Selma,AL
368,Montgomery,AL,Opelika,AL
369,Meridian,MS,Meridian (MS),AL
370,Nashville,TN,Nashville,TN
371,Nashville,TN,Nashville,TN
372,Nashville,TN,Nashville,TN
373,Chattanooga,TN,Chattanooga,TN
374,Chattanooga,TN,Chattanooga,TN
375,Memphis,TN,Memphis,TN
376,Johnson City,TN,Johnson City,TN
377,Knoxville,TN,Knoxville,TN
378,Knoxville,TN,Knoxville,TN
379,Knoxville,TN,Knoxville,TN
380,Memphis,TN,Memphis,TN
381,Memphis,TN,Memphis,TN
382,Mckenzie,TN,McKenzie,TN
383,Jackson,TN,Jackson,TN
384,Columbia,TN,Columbia,TN
385,Cookeville,TN,Cookeville,TN
386,Memphis,TN,Memphis (TN),MS
387,Greenville,MS,Greenville,MS
388,Tupelo,MS,Tupelo,MS
389,Grenada,MS,Grenada,MS
390,Jackson,MS,Jackson,MS
391,Jackson,MS,Jackson,MS
392,Jackson,MS,Jackson,MS
393,Meridian,MS,Meridian,MS
394,Hattiesburg,MS,Hattiesburg,MS
395,Gulfport,MS,Gulfport,MS
396,Mccomb,MS,Brookhaven,MS
397,Columbus,MS,Columbus,MS
398,Albany,GA,Albany,GA
399,Atlanta,GA,Atlanta,GA
400,Louisville,KY,Louisville,KY
401,Louisville,KY,Louisville,KY
402,Louisville,KY,Louisville,KY
403,Lexington,KY,Lexington,KY
404,Lexington,KY,Lexington,KY
405,Lexington,KY,Lexington,KY
406,Frankfort,KY,Frankfort,KY
407,London,KY,Corbin,KY
408,London,KY,Corbin,KY
409,London,KY,Corbin,KY
410,Cincinnati,OH,Cincinnati (OH),KY
411,Ashland,KY,Ashland,KY
412,Ashland,KY,Ashland,KY
413,Campton,KY,Campton,KY
414,Campton,KY,Campton,KY
415,Pikeville,KY,Pikeville,KY
416,Pikeville,KY,Pikeville,KY
417,Hazard,KY,Hazard,KY
418,Hazard,KY,Hazard,KY
419,,,Not in use,""
420,Paducah,KY,Paducah,KY
421,Bowling Green,KY,Bowling Green,KY
422,Bowling Green,KY,Bowling Green,KY
423,Owensboro,KY,Owensboro,KY
424,Evansville,IN,Evansville (IN),KY
425,Somerset,KY,Somerset,KY
426,Somerset,KY,Albany,KY
427,Elizabethtown,KY,Elizabethtown,KY
428,,,Not in use,""
429,,,Not in use,""
430,Columbus,OH,Columbus,OH
431,Columbus,OH,Columbus,OH
432,Columbus,OH,Columbus,OH
433,Columbus,OH,Marion,OH
434,Toledo,OH,Toledo,OH
435,Toledo,OH,Toledo,OH
436,Toledo,OH,Toledo,OH
437,Zanesville,OH,Zanesville,OH
438,Zanesville,OH,Zanesville,OH
439,Steubenville,OH,Steubenville,OH
440,Cleveland,OH,Cleveland,OH
441,Cleveland,OH,Cleveland,OH
442,Akron,OH,Akron,OH
443,Akron,OH,Akron,OH
444,Youngstown,OH,Youngstown,OH
445,Youngstown,OH,Youngstown,OH
446,Canton,OH,Canton,OH
447,Canton,OH,Canton,OH
448,Mansfield,OH,Mansfield,OH
449,Mansfield,OH,Mansfield,OH
450,Cincinnati,OH,Cincinnati,OH
451,Cincinnati,OH,Cincinnati,OH
452,Cincinnati,OH,Cincinnati,OH
453,Dayton,OH,Dayton,OH
454,Dayton,OH,Dayton,OH
455,Springfield,OH,Springfield,OH
456,Chillicothe,OH,Chillicothe,OH
457,Athens,OH,Athens,OH
458,Lima,OH,Lima,OH
459,Cincinnati,OH,Cincinnati,OH
460,Indianapolis,IN,Indianapolis,IN
461,Indianapolis,IN,Indianapolis,IN
462,Indianapolis,IN,Indianapolis,IN
463,Gary,IN,Gary,IN
464,Gary,IN,Gary,IN
465,South Bend,IN,South Bend,IN
466,South Bend,IN,South Bend,IN
467,Fort Wayne,IN,Fort Wayne,IN
468,Fort Wayne,IN,Fort Wayne,IN
469,Kokomo,IN,Kokomo,IN
470,Cincinnati,OH,Cincinnati (OH),IN
471,Louisville,KY,Louisville (KY),IN
472,Columbus,IN,Columbus,IN
473,Muncie,IN,Muncie,IN
474,Bloomington,IN,Bloomington,IN
475,Terre Haute,IN,Washington,IN
476,Evansville,IN,Evansville,IN
477,Evansville,IN,Evansville,IN
478,Terre Haute,IN,Terre Haute,IN
479,Lafayette,IN,Lafayette,IN
480,Royal Oak,MI,Detroit,MI
481,Detroit,MI,Detroit,MI
482,Detroit,MI,Detroit,MI
483,Royal Oak,MI,Detroit,MI
484,Flint,MI,Flint,MI
485,Flint,MI,Flint,MI
486,Saginaw,MI,Saginaw,MI
487,Saginaw,MI,Saginaw,MI
488,Lansing,MI,Lansing,MI
489,Lansing,MI,Lansing,MI
490,Kalamazoo,MI,Kalamazoo,MI
491,Kalamazoo,MI,South Bend (IN),MI
492,Jackson,MI,Jackson,MI
493,Grand Rapids,MI,Grand Rapids,MI
494,Grand Rapids,MI,Grand Rapids,MI
495,Grand Rapids,MI,Grand Rapids,MI
496,Traverse City,MI,Cadillac,MI
497,Gaylord,MI,Mackinaw City,MI
498,Iron Mountain,MI,Iron Mountain,MI
499,Iron Mountain,MI,Iron Mountain,MI
500,Des Moines,IA,Des Moines,IA
501,Des Moines,IA,Des Moines,IA
502,Des Moines,IA,Des Moines,IA
503,Des Moines,IA,Des Moines,IA
504,Waterloo,IA,Mason City,IA
505,Fort Dodge,IA,Fort Dodge,IA
506,Waterloo,IA,Waterloo,IA
507,Waterloo,IA,Waterloo,IA
508,Creston,IA,Creston,IA
509,Des Moines,IA,Des Moines,IA
510,Sioux City,IA,Sioux City,IA
511,Sioux City,IA,Sioux City,IA
512,Sioux City,IA,Sheldon,IA
513,Sioux City,IA,Spencer,IA
514,Carroll,IA,Carroll,IA
515,Omaha,NE,Council Bluffs,IA
516,Omaha,NE,Shenandoah,IA
517,,,Not in use,""
518,,,Not in use,""
519,,,Not in use,""
520,Dubuque,IA,Dubuque,IA
521,Decorah,IA,Decorah,IA
522,Cedar Rapids,IA,Cedar Rapids,IA
523,Cedar Rapids,IA,Cedar Rapids,IA
524,Cedar Rapids,IA,Cedar Rapids,IA
525,Des Moines,IA,Ottumwa,IA
526,Burlington,IA,Burlington,IA
527,Quad Cities,IL,Davenport,IA
528,Davenport,IA,Davenport,IA
529,,,Not in use,""
530,Milwaukee,WI,Milwaukee,WI
531,Milwaukee,WI,Milwaukee,WI
532,Milwaukee,WI,Milwaukee,WI
533,,,Not in use,""
534,Racine,WI,Racine,WI
535,Madison,WI,Madison,WI
536,,,Not in use,""
537,Madison,WI,Madison,WI
538,Madison,WI,Dubuque (IA),WI
539,Portage,WI,Portage,WI
540,St Paul,MN,St. Paul (MN),WI
541,Green Bay,WI,Green Bay,WI
542,Green Bay,WI,Green Bay,WI
543,Green Bay,WI,Green Bay,WI
544,Wausau,WI,Wausau,WI
545,Rhinelander,WI,Rhinelander,WI
546,La Crosse,WI,La Crosse,WI
547,Eau Claire,WI,Eau Claire,WI
548,Spooner,WI,Spooner,WI
549,Oshkosh,WI,Oshkosh,WI
550,St Paul,MN,St. Paul,MN
551,St Paul,MN,St. Paul,MN
552,,,Not in use,""
553,Minneapolis,MN,Minneapolis,MN
554,Minneapolis,MN,Minneapolis,MN
555,Minneapolis,MN,Minneapolis,MN
556,Duluth,MN,Duluth,MN
557,Duluth,MN,Duluth,MN
558,Duluth,MN,Duluth,MN
559,Rochester,MN,Rochester,MN
560,Mankato,MN,Mankato,MN
561,Mankato,MN,Windom,MN
562,Willmar,MN,Willmar,MN
563,St Cloud,MN,St. Cloud,MN
564,Brainerd,MN,Brainerd,MN
565,Detroit Lakes,MN,Detroit Lakes,MN
566,Bemidji,MN,Bemidji,MN
567,Grand Forks,ND,Thief River Falls,MN
568,,,Not in use,""
569,,,Washington,DC
570,Sioux Falls,SD,Sioux Falls,SD
571,Sioux Falls,SD,Sioux Falls,SD
572,Dakota Central,SD,Watertown,SD
573,Dakota Central,SD,Mitchell,SD
574,Aberdeen,SD,Aberdeen,SD
575,Pierre,SD,Pierre,SD
576,Mobridge,SD,Mobridge,SD
577,Rapid City,SD,Rapid City,SD
578,,,Not in use,""
579,,,Not in use,""
580,Fargo,ND,Fargo,ND
581,Fargo,ND,Fargo,ND
582,Grand Forks,ND,Grand Forks,ND
583,Devils Lake,ND,Devils Lake,ND
584,Jamestown,ND,Jamestown,ND
585,Bismarck,ND,Bismarck,ND
586,Bismarck,ND,Dickinson,ND
587,Minot,ND,Minot,ND
588,Williston,ND,Williston,ND
589,,,Not in use,""
590,Billings,MT,Billings,MT
591,Billings,MT,Billings,MT
592,Wolf Point,MT,Wolf Point,MT
593,Miles City,MT,Miles City,MT
594,Great Falls,MT,Great Falls,MT
595,Havre,MT,Havre,MT
596,Helena,MT,Helena,MT
597,Butte,MT,Butte,MT
598,Missoula,MT,Missoula,MT
599,Kalispell,MT,Kalispell,MT
600,Palatine,IL,Chicago,IL
601,Carol Stream,IL,Chicago,IL
602,Evanston,IL,Evanston,IL
603,Oak Park,IL,Oak Park,IL
604,s Suburban,IL,Chicago,IL
605,Fox Valley,IL,Chicago,IL
606,Chicago,IL,Chicago,IL
607,Chicago,IL,Chicago,IL
608,Chicago,IL,Chicago,IL
609,Kankakee,IL,Kankakee,IL
610,Rockford,IL,Rockford,IL
611,Rockford,IL,Rockford,IL
612,Quad Cities,IL,Rock Island,IL
613,La Salle,IL,LaSalle,IL
614,Galesburg,IL,Galesburg,IL
615,Peoria,IL,Peoria,IL
616,Peoria,IL,Peoria,IL
617,Bloomington,IL,Bloomington,IL
618,Champaign,IL,Urbana,IL
619,Champaign,IL,Urbana,IL
620,St Louis,MO,St. Louis (MO),IL
621,,,Not in use,""
622,St Louis,MO,East St. Louis,IL
623,Quincy,IL,Quincy,IL
624,Effingham,IL,Effingham,IL
625,Springfield,IL,Springfield,IL
626,Springfield,IL,Springfield,IL
627,Springfield,IL,Springfield,IL
628,Centralia,IL,Centralia,IL
629,Carbondale,IL,Carbondale,IL
630,St Louis,MO,St. Louis,MO
631,St Louis,MO,St. Louis,MO
632,,,Not in use,""
633,St Louis,MO,St. Charles,MO
634,Quincy,IL,Hannibal,MO
635,Quincy,IL,Kirksville,MO
636,Cape Girardeau,MO,Park Hills,MO
637,Cape Girardeau,MO,Cape Girardeau,MO
638,Cape Girardeau,MO,Sikeston,MO
639,Cape Girardeau,MO,Poplar Bluff,MO
640,Kansas City,MO,Kansas City,MO
641,Kansas City,MO,Kansas City,MO
642,,,Not in use,""
643,,,Not in use,""
644,St Joseph,MO,St. Joseph,MO
645,St Joseph,MO,St. Joseph,MO
646,Chillicothe,MO,Chillicothe,MO
647,Harrisonville,MO,Harrisonville,MO
648,Springfield,MO,Joplin,MO
649,Kansas City,MO,Kansas City,MO
650,Mid-Missouri,MO,Jefferson City,MO
651,Mid-Missouri,MO,Jefferson City,MO
652,Mid-Missouri,MO,Columbia,MO
653,Mid-Missouri,MO,Sedalia,MO
654,Springfield,MO,Rolla,MO
655,Springfield,MO,Rolla,MO
656,Springfield,MO,Springfield,MO
657,Springfield,MO,Springfield,MO
658,Springfield,MO,Springfield,MO
659,,,Not in use,""
660,Kansas City,KS,Kansas City,KS
661,Kansas City,KS,Kansas City,KS
662,Kansas City,KS,Overland Park,KS
663,,,Not in use,""
664,Topeka,KS,Topeka,KS
665,Topeka,KS,Topeka,KS
666,Topeka,KS,Topeka,KS
667,Ft Scott,KS,Fort Scott,KS
668,Topeka,KS,Emporia,KS
669,Salina,KS,Concordia,KS
670,Wichita,KS,Wichita,KS
671,Wichita,KS,Wichita,KS
672,Wichita,KS,Wichita,KS
673,Independence,KS,Independence,KS
674,Salina,KS,Salina,KS
675,Hutchinson,KS,Hutchinson,KS
676,Hays,KS,Hays,KS
677,Colby,KS,Colby,KS
678,Dodge City,KS,Dodge City,KS
679,Liberal,KS,Liberal,KS
680,Omaha,NE,Omaha,NE
681,Omaha,NE,Omaha,NE
682,,,Not in use,""
683,Lincoln,NE,Lincoln,NE
684,Lincoln,NE,Lincoln,NE
685,Lincoln,NE,Lincoln,NE
686,Norfolk,NE,Columbus,NE
687,Norfolk,NE,Norfolk,NE
688,Grand Island,NE,Grand Island,NE
689,Grand Island,NE,Hastings,NE
690,Mc Cook,NE,McCook,NE
691,North Platte,NE,North Platte,NE
692,Valentine,NE,Valentine,NE
693,Alliance,NE,Alliance,NE
694,,,Not in use,""
695,,,Not in use,""
696,,,Not in use,""
697,,,Not in use,""
698,,,Not in use,""
699,,,Not in use,""
700,New Orleans,LA,Metairie,LA
701,New Orleans,LA,New Orleans,LA
702,,,Not in use,""
703,Houma,LA,Thibodaux,LA
704,Mandeville,LA,Hammond,LA
705,Lafayette,LA,Lafayette,LA
706,Lake Charles,LA,Lake Charles,LA
707,Baton Rouge,LA,Baton Rouge,LA
708,Baton Rouge,LA,Baton Rouge,LA
709,,,Not in use,""
710,Shreveport,LA,Shreveport,LA
711,Shreveport,LA,Shreveport,LA
712,Monroe,LA,Monroe,LA
713,Alexandria,LA,Alexandria,LA
714,Alexandria,LA,Alexandria,LA
715,,,Not in use,""
716,Pine Bluff,AR,Pine Bluff,AR
717,Camden,AR,Camden,AR
718,Texarkana,AR,Hope,AR
719,Hot Springs Ntl Pk,AR,Hot Springs,AR
720,Little Rock,AR,Little Rock,AR
721,Little Rock,AR,Little Rock,AR
722,Little Rock,AR,Little Rock,AR
723,Memphis,TN,West Memphis,AR
724,Ne Arkansas,AR,Jonesboro,AR
725,Batesville,AR,Batesville,AR
726,Harrison,AR,Harrison,AR
727,Nw Arkansas,AR,Fayetteville,AR
728,Russellville,AR,Russellville,AR
729,Fort Smith,AR,Fort Smith,AR
730,Oklahoma City,OK,Oklahoma City,OK
731,Oklahoma City,OK,Oklahoma City,OK
732,,,Not in use,""
733,Austin,TX,Austin,TX
734,Ardmore,OK,Ardmore,OK
735,Lawton,OK,Lawton,OK
736,Clinton,OK,Clinton,OK
737,Enid,OK,Enid,OK
738,Woodward,OK,Woodward,OK
739,Liberal,KS,Liberal (KS),OK
740,Tulsa,OK,Tulsa,OK
741,Tulsa,OK,Tulsa,OK
742,,,Not in use,""
743,Tulsa,OK,Vinita,OK
744,Muskogee,OK,Muskogee,OK
745,Mcalester,OK,McAlester,OK
746,Ponca City,OK,Ponca City,OK
747,Durant,OK,Durant,OK
748,Shawnee,OK,Shawnee,OK
749,Poteau,OK,Fort Smith (AR),OK
750,North Texas,TX,Dallas,TX
751,Dallas,TX,Dallas,TX
752,Dallas,TX,Dallas,TX
753,Dallas,TX,Dallas,TX
754,Greenville,TX,Greenville,TX
755,Texarkana,TX,Texarkana,TX
756,East Texas,TX,Longview,TX
757,East Texas,TX,Tyler,TX
758,Palestine,TX,Palestine,TX
759,Lufkin,TX,Lufkin,TX
760,Ft Worth,TX,Fort Worth,TX
761,Ft Worth,TX,Fort Worth,TX
762,Ft Worth,TX,Denton,TX
763,Wichita Falls,TX,Wichita Falls,TX
764,Ft Worth,TX,Stephenville,TX
765,Waco,TX,Temple,TX
766,Waco,TX,Waco,TX
767,Waco,TX,Waco,TX
768,Abilene,TX,Brownwood,TX
769,Midland,TX,San Angelo,TX
770,Houston,TX,Houston,TX
771,Houston,TX,Not in use,""
772,Houston,TX,Houston,TX
773,North Houston,TX,Conroe,TX
774,North Houston,TX,Richmond,TX
775,North Houston,TX,Pasadena,TX
776,Beaumont,TX,Beaumont,TX
777,Beaumont,TX,Beaumont,TX
778,Bryan,TX,Bryan,TX
779,Victoria,TX,Victoria,TX
780,San Antonio,TX,San Antonio,TX
781,San Antonio,TX,San Antonio,TX
782,San Antonio,TX,San Antonio,TX
783,Corpus Christi,TX,Corpus Christi,TX
784,Corpus Christi,TX,Corpus Christi,TX
785,Mcallen,TX,McAllen,TX
786,Austin,TX,Austin,TX
787,Austin,TX,Austin,TX
788,San Antonio,TX,Uvalde,TX
789,Austin,TX,La Grange,TX
790,Amarillo,TX,Amarillo,TX
791,Amarillo,TX,Amarillo,TX
792,Childress,TX,Childress,TX
793,Lubbock,TX,Lubbock,TX
794,Lubbock,TX,Lubbock,TX
795,Abilene,TX,Abilene,TX
796,Abilene,TX,Abilene,TX
797,Midland,TX,Midland,TX
798,El Paso,TX,El Paso,TX
799,El Paso,TX,El Paso,TX
800,Denver,CO,Denver,CO
801,Denver,CO,Denver,CO
802,Denver,CO,Denver,CO
803,Boulder,CO,Boulder,CO
804,Denver,CO,Golden,CO
805,Longmont,CO,Longmont,CO
806,Denver,CO,Brighton,CO
807,Denver,CO,Fort Morgan,CO
808,Colorado Spgs,CO,Colorado Springs,CO
809,Colorado Spgs,CO,Colorado Springs,CO
810,Colorado Spgs,CO,Pueblo,CO
811,Alamosa,CO,Alamosa,CO
812,Salida,CO,Salida,CO
813,Durango,CO,Durango,CO
814,Grand Junction,CO,Montrose,CO
815,Grand Junction,CO,Grand Junction,CO
816,Glenwood Springs,CO,Glenwood Springs,CO
817,,,Not in use,""
818,,,Not in use,""
819,,,Not in use,""
820,Cheyenne,WY,Cheyenne,WY
821,Yellowstone Nl Pk,WY,Yellowstone,WY
822,Wheatland,WY,Wheatland,WY
823,Rawlins,WY,Rawlins,WY
824,Worland,WY,Worland,WY
825,Riverton,WY,Riverton,WY
826,Casper,WY,Casper,WY
827,Gillette,WY,Newcastle,WY
828,Sheridan,WY,Sheridan,WY
829,Rock Springs,WY,Rock Springs,WY
830,Rock Springs,WY,Jackson,WY
831,Rock Springs,WY,Kemmerer,WY
832,Pocatello,ID,Pocatello,ID
833,Twin Falls,ID,Twin Falls,ID
834,Pocatello,ID,Idaho Falls,ID
835,Lewiston,ID,Lewiston,ID
836,Boise,ID,Boise,ID
837,Boise,ID,Boise,ID
838,Spokane,WA,Spokane (WA),ID
839,,,Not in use,""
840,Salt Lake Cty,UT,Salt Lake City,UT
841,Salt Lake Cty,UT,Salt Lake City,UT
842,Salt Lake Cty,UT,Ogden,UT
843,Salt Lake Cty,UT,Ogden,UT
844,Ogden,UT,Ogden,UT
845,Provo,UT,Price,UT
846,Provo,UT,Provo,UT
847,Provo,UT,Richfield,UT
848,,,Not in use,""
849,,,Not in use,""
850,Phoenix,AZ,Phoenix,AZ
851,,,Phoenix,AZ
852,Phoenix,AZ,Mesa,AZ
853,Phoenix,AZ,Glendale,AZ
854,,,Not in use,""
855,Globe,AZ,Globe,AZ
856,Tucson,AZ,Tucson,AZ
857,Tucson,AZ,Tucson,AZ
858,,,Not in use,""
859,Show Low,AZ,Show Low,AZ
860,Flagstaff,AZ,Flagstaff,AZ
861,,,Not in use,""
862,,,Not in use,""
863,Prescott,AZ,Prescott,AZ
864,Kingman,AZ,Kingman,AZ
865,Gallup,NM,Gallup (NM),AZ
866,,,Not in use,""
867,,,Not in use,""
868,,,Not in use,""
869,,,Not in use,""
870,Albuquerque,NM,Albuquerque,NM
871,Albuquerque,NM,Albuquerque,NM
872,Albuquerque,NM,Not in use,""
873,Gallup,NM,Gallup,NM
874,Farmington,NM,Farmington,NM
875,Albuquerque,NM,Santa Fe,NM
876,,,Not in use,""
877,Las Vegas,NM,Las Vegas,NM
878,Socorro,NM,Socorro,NM
879,Truth or Cons,NM,Truth or Consequences,NM
880,Las Cruces,NM,Las Cruces,NM
881,Clovis,NM,Clovis,NM
882,Roswell,NM,Roswell,NM
883,Alamogordo,NM,Carrizozo,NM
884,Tucumcari,NM,Tucumcari,NM
885,El Paso,TX,El Paso,TX
886,,,Not in use,""
887,,,Not in use,""
888,,,Not in use,""
889,Las Vegas,NV,The Lakes,NV
890,Las Vegas,NV,Las Vegas,NV
891,Las Vegas,NV,Las Vegas,NV
892,,,Not in use,""
893,Ely,NV,Ely,NV
894,Reno,NV,Reno,NV
895,Reno,NV,Reno,NV
896,,,Not in use,""
897,Carson City,NV,Carson City,NV
898,Elko,NV,Elko,NV
899,,,Not in use,""
900,Los Angeles,CA,Los Angeles,CA
901,Los Angeles,CA,Los Angeles,CA
902,Inglewood,CA,Los Angeles,CA
903,Inglewood,CA,Inglewood,CA
904,Santa Monica,CA,Santa Monica,CA
905,Torrance,CA,Torrance,CA
906,Long Beach,CA,Whittier,CA
907,Long Beach,CA,Long Beach,CA
908,Long Beach,CA,Long Beach,CA
909,,,Not in use,""
910,Pasadena,CA,Pasadena,CA
911,Pasadena,CA,Pasadena,CA
912,Glendale,CA,Glendale,CA
913,Van Nuys,CA,Thousand Oaks,CA
914,Van Nuys,CA,Van Nuys,CA
915,Burbank,CA,Burbank,CA
916,North Hollywood,CA,North Hollywood,CA
917,Industry,CA,Rancho Cucamonga,CA
918,Industry,CA,Alhambra,CA
919,San Diego,CA,San Diego,CA
920,San Diego,CA,San Diego,CA
921,San Diego,CA,San Diego,CA
922,Sn Bernardino,CA,Indio,CA
923,Sn Bernardino,CA,San Bernardino,CA
924,Sn Bernardino,CA,San Bernardino,CA
925,Sn Bernardino,CA,Riverside,CA
926,Santa Ana,CA,Irvine,CA
927,Santa Ana,CA,Santa Ana,CA
928,Anaheim,CA,Anaheim,CA
929,,,Not in use,""
930,Oxnard,CA,Ventura,CA
931,Santa Barbara,CA,Santa Barbara,CA
932,Bakersfield,CA,Bakersfield,CA
933,Bakersfield,CA,Bakersfield,CA
934,Santa Barbara,CA,San Luis Obispo,CA
935,Mojave,CA,Mojave,CA
936,Fresno,CA,Fresno,CA
937,Fresno,CA,Fresno,CA
938,Fresno,CA,Fresno,CA
939,Salinas,CA,Salinas,CA
940,San Francisco,CA,San Francisco,CA
941,San Francisco,CA,San Francisco,CA
942,Sacramento,CA,Sacramento,CA
943,Palo Alto,CA,Palo Alto,CA
944,San Mateo,CA,San Mateo,CA
945,Oakland,CA,Oakland,CA
946,Oakland,CA,Oakland,CA
947,Berkeley,CA,Berkeley,CA
948,Richmond,CA,Richmond,CA
949,North Bay,CA,San Rafael,CA
950,San Jose,CA,San Jose,CA
951,San Jose,CA,San Jose,CA
952,Stockton,CA,Stockton,CA
953,Stockton,CA,Stockton,CA
954,North Bay,CA,Santa Rosa,CA
955,Eureka,CA,Eureka,CA
956,Sacramento,CA,Sacramento,CA
957,Sacramento,CA,Sacramento,CA
958,Sacramento,CA,Sacramento,CA
959,Marysville,CA,Marysville,CA
960,Redding,CA,Redding,CA
961,Reno,NV,Reno (NV),CA
962,Apo/Fpo,AP,Military,AP
963,Apo/Fpo,AP,Military,AP
964,Apo/Fpo,AP,Military,AP
965,Apo/Fpo,AP,Military,AP
966,Fpo,AP,Military,AP
967,Honolulu,HI,Honolulu,HI
968,Honolulu,HI,Honolulu,HI
969,Barrigada,GU,Barrigada,GU
970,Portland,OR,Portland,OR
971,Portland,OR,Portland,OR
972,Portland,OR,Portland,OR
973,Salem,OR,Salem,OR
974,Eugene,OR,Eugene,OR
975,Medford,OR,Medford,OR
976,Klamath Falls,OR,Klamath Falls,OR
977,Bend,OR,Bend,OR
978,Pendleton,OR,Pendleton,OR
979,Boise,ID,Boise (ID),OR
980,Seattle,WA,Seattle,WA
981,Seattle,WA,Seattle,WA
982,Everett,WA,Everett,WA
983,Tacoma,WA,Tacoma,WA
984,Tacoma,WA,Tacoma,WA
985,Olympia,WA,Olympia,WA
986,Portland,OR,Portland (OR),WA
987,,,Not in use,""
988,Wenatchee,WA,Wenatchee,WA
989,Yakima,WA,Yakima,WA
990,Spokane,WA,Spokane,WA
991,Spokane,WA,Spokane,WA
992,Spokane,WA,Spokane,WA
993,Pasco,WA,Pasco,WA
994,Lewiston,ID,Lewiston (ID),WA
995,Anchorage,AK,Anchorage,AK
996,Anchorage,AK,Anchorage,AK
997,Fairbanks,AK,Fairbanks,AK
998,Juneau,AK,Juneau,AK
999,Ketchikan,AK,Ketchikan,AK
